school,n_nodes,n_edges,total_internal_weight,density,avg_degree,avg_weighted_degree,avg_clustering,largest_component_ratio
Alaska,9,2,7.0,0.05555555555555555,0.4444444444444444,1.5555555555555556,0.0,0.3333333333333333
Arizona,52,54,270.0,0.04072398190045249,2.076923076923077,10.384615384615385,0.22275641025641027,0.5576923076923077
Auburn,50,85,240.0,0.06938775510204082,3.4,9.6,0.28909335109335116,0.8
Clemson,47,81,314.0,0.07493061979648474,3.4468085106382977,13.361702127659575,0.3962720494635387,0.8936170212765957
ColoradoState,69,140,520.0,0.059676044330775786,4.057971014492754,15.072463768115941,0.3625436560219169,0.8985507246376812
Connecticut,35,30,93.0,0.05042016806722689,1.7142857142857142,5.314285714285714,0.3066666666666667,0.2571428571428571
Cornell,178,208,348.0,0.013203834190312956,2.337078651685393,3.9101123595505616,0.2418819394351623,0.6179775280898876
Delaware,21,18,53.0,0.08571428571428572,1.7142857142857142,5.0476190476190474,0.13650793650793652,0.6190476190476191
Florida,278,1256,5194.0,0.032620834740150116,9.035971223021583,37.36690647482014,0.35789608573225773,0.9460431654676259
Georgia,149,480,1737.0,0.0435334663522583,6.442953020134228,23.315436241610737,0.35115996275713207,0.8456375838926175
Hawaii,35,38,148.0,0.06386554621848739,2.1714285714285713,8.457142857142857,0.26285714285714284,0.6571428571428571
Idaho,28,21,135.0,0.05555555555555555,1.5,9.642857142857142,0.2726190476190476,0.39285714285714285
Illinois,96,318,1009.0,0.06973684210526315,6.625,21.020833333333332,0.317533117753706,0.8333333333333334
Iowa,118,406,1758.0,0.05881500796755034,6.88135593220339,29.796610169491526,0.44319011685792914,0.9491525423728814
IowaState,118,43,61.0,0.006229175720701145,0.7288135593220338,1.0338983050847457,0.10038337368845843,0.17796610169491525
Kentucky,53,64,314.0,0.04644412191582003,2.4150943396226414,11.849056603773585,0.30332434860736746,0.6981132075471698
KState,99,379,1672.0,0.07812822098536384,7.656565656565657,33.77777777777778,0.4699111614149656,0.8383838383838383
LouisianaState,29,33,93.0,0.0812807881773399,2.2758620689655173,6.413793103448276,0.37356321839080464,0.6896551724137931
Maine,10,9,25.0,0.2,1.8,5.0,0.14333333333333334,0.8
Maryland,39,35,146.0,0.04723346828609987,1.794871794871795,7.487179487179487,0.28840048840048843,0.3076923076923077
Massachusetts,48,51,325.0,0.04521276595744681,2.125,13.541666666666666,0.28414351851851855,0.5833333333333334
Michigan,169,482,1296.0,0.03395322626091857,5.704142011834319,15.337278106508876,0.31739739630181374,0.9230769230769231
Minnesota,143,382,1351.0,0.037624347483502414,5.3426573426573425,18.895104895104897,0.3245637816276929,0.8951048951048951
Mississippi,52,111,513.0,0.083710407239819,4.269230769230769,19.73076923076923,0.29887100079407775,0.7692307692307693
MontanaState,42,74,244.0,0.0859465737514518,3.5238095238095237,11.619047619047619,0.3551381158524015,0.8571428571428571
MU,88,304,1470.0,0.0794148380355277,6.909090909090909,33.40909090909091,0.42758243574273264,0.8863636363636364
Nebraska,109,395,1373.0,0.06710839279646619,7.247706422018348,25.192660550458715,0.3855315199086154,0.8990825688073395
Nevada,18,20,109.0,0.13071895424836602,2.2222222222222223,12.11111111111111,0.3796296296296296,0.6111111111111112
NewHampshire,9,0,0.0,0.0,0.0,0.0,0.0,0.1111111111111111
NewMexico,30,69,280.0,0.15862068965517243,4.6,18.666666666666668,0.4307370407370407,0.8333333333333334
NorthCarolina,159,418,1477.0,0.03327760528620333,5.2578616352201255,18.57861635220126,0.31567799730710505,0.8930817610062893
NorthDakota,66,198,796.0,0.09230769230769231,6.0,24.12121212121212,0.37754864583249037,0.803030303030303
OhioState,59,64,213.0,0.037405026300409115,2.169491525423729,7.220338983050848,0.19443099273607747,0.6101694915254238
OKState,50,66,262.0,0.053877551020408164,2.64,10.48,0.2956349206349207,0.7
Oregon,71,75,209.0,0.030181086519114688,2.112676056338028,5.887323943661972,0.19713838587078023,0.6901408450704225
PennState,74,94,309.0,0.03480192521288412,2.5405405405405403,8.35135135135135,0.27459342459342456,0.6216216216216216
Purdue,117,238,706.0,0.03507220748600059,4.068376068376068,12.068376068376068,0.2786145478453171,0.8974358974358975
RhodeIsland,5,1,98.0,0.1,0.4,39.2,0.0,0.4
Rutgers,41,55,182.0,0.06707317073170732,2.682926829268293,8.878048780487806,0.21252419667053818,0.7804878048780488
SouthDakota,31,52,183.0,0.11182795698924732,3.3548387096774195,11.806451612903226,0.21036866359447007,0.7419354838709677
TexasA&M,121,296,1077.0,0.04077134986225895,4.892561983471074,17.801652892561982,0.31068408830492095,0.8512396694214877
UArk,77,189,787.0,0.0645933014354067,4.909090909090909,20.441558441558442,0.5099558450207802,0.8961038961038961
UCDavis,215,526,1519.0,0.02286459465333623,4.8930232558139535,14.130232558139534,0.32112429438226836,0.8511627906976744
UCRiver,81,113,370.0,0.03487654320987654,2.7901234567901234,9.135802469135802,0.22864625086847312,0.7283950617283951
UtahState,39,36,157.0,0.048582995951417005,1.8461538461538463,8.051282051282051,0.2255189255189255,0.28205128205128205
UTenn,76,199,691.0,0.06982456140350878,5.2368421052631575,18.18421052631579,0.4682053542704106,0.8947368421052632
Vermont,16,11,33.0,0.09166666666666666,1.375,4.125,0.33333333333333337,0.3125
VirginiaTech,82,144,377.0,0.04336043360433604,3.5121951219512195,9.195121951219512,0.28405835357054876,0.8536585365853658
WashState,139,482,1423.0,0.05025544781566051,6.9352517985611515,20.47482014388489,0.31184125775563104,0.8992805755395683
WestVirginia,17,9,16.0,0.0661764705882353,1.0588235294117647,1.8823529411764706,0.0,0.4117647058823529
Wisconsin,137,271,995.0,0.029089738085015027,3.9562043795620436,14.525547445255475,0.3706224027391911,0.8686131386861314
Wyoming,15,12,37.0,0.11428571428571428,1.6,4.933333333333334,0.19111111111111112,0.6
